endpoint,date,text,sentiment,confidence,execution_time,prediction_range,NLP info
/sentiment,Mon Dec  4 19:46:25 2023,Mi mamá me dijo que me veo bonita,positive,0.8505473136901855,1695.0,"[{'label': 'positive', 'score': 0.8505473136901855}, {'label': 'neutral', 'score': -0.888550192117691}, {'label': 'negative', 'score': -0.9619973562657833}]",
/sentiment,Mon Dec  4 19:46:51 2023,"Hoy fui al gym y me qui8taron la maquina con la que queria ejercitar, estoy triste",negative,0.8286302089691162,73.995,"[{'label': 'positive', 'score': -0.9264944493770599}, {'label': 'neutral', 'score': -0.9021356999874115}, {'label': 'negative', 'score': 0.8286302089691162}]",
/sentiment,Mon Dec  4 19:46:59 2023,"Hoy fui al gym y me quitaron la maquina con la que queria ejercitar, estoy triste",negative,0.8202372789382935,72.962,"[{'label': 'positive', 'score': -0.9312381222844124}, {'label': 'neutral', 'score': -0.8889992237091064}, {'label': 'negative', 'score': 0.8202372789382935}]",
/sentiment,Mon Dec  4 19:47:16 2023,Debo hacer mi tarea antes de ir a hacer ejercicio,negative,-0.24537396430969238,46.997,"[{'label': 'positive', 'score': -0.28617942333221436}, {'label': 'neutral', 'score': -0.46844661235809326}, {'label': 'negative', 'score': -0.24537396430969238}]",
/sentiment,Mon Dec  4 19:47:31 2023,Me compre un carrito de juguete,positive,0.0009557008743286133,39.0,"[{'label': 'positive', 'score': 0.0009557008743286133}, {'label': 'neutral', 'score': -0.6217663586139679}, {'label': 'negative', 'score': -0.37918931245803833}]",
/sentiment,Mon Dec  4 19:47:45 2023,Las mañanas son frias,positive,-0.10489213466644287,47.004,"[{'label': 'positive', 'score': -0.10489213466644287}, {'label': 'neutral', 'score': -0.6284756064414978}, {'label': 'negative', 'score': -0.2666321396827698}]",
/sentiment,Mon Dec  4 19:47:52 2023,Estoy modo neutro,positive,-0.21384799480438232,62.995,"[{'label': 'positive', 'score': -0.21384799480438232}, {'label': 'neutral', 'score': -0.4672222137451172}, {'label': 'negative', 'score': -0.31892985105514526}]",
/sentiment,Mon Dec  4 19:48:02 2023,Neutro,positive,0.2340703010559082,257.994,"[{'label': 'positive', 'score': 0.2340703010559082}, {'label': 'neutral', 'score': -0.5536613166332245}, {'label': 'negative', 'score': -0.6804089844226837}]",
/sentiment,Mon Dec  4 19:48:20 2023,El dia de hoy no hice nada,neutral,-0.01327502727508545,120.003,"[{'label': 'positive', 'score': -0.5884439051151276}, {'label': 'neutral', 'score': -0.01327502727508545}, {'label': 'negative', 'score': -0.3982810974121094}]",
/analysis,Mon Dec  4 19:48:36 2023,"No estudie para mi examen, espero no me vaya mal",neutral,-0.07421410083770752,0.142001,"[{'label': 'positive', 'score': -0.1743791103363037}, {'label': 'neutral', 'score': -0.07421410083770752}, {'label': 'negative', 'score': -0.7514068186283112}]","{'tokens': [{'text': 'No', 'pos': 'ADV', 'embedding': [-5.35129976272583, 4.066299915313721, -3.3138999938964844, -1.315000057220459, -11.4350004196167, -8.205100059509277, -3.3071999549865723, 9.069999694824219, -9.62600040435791, 1.3388999700546265, -1.3575999736785889, 7.529200077056885, 0.4375999867916107, -9.532600402832031, 0.4839400053024292, -1.5700000524520874, 8.131699562072754, -7.613500118255615, 3.7753000259399414, 1.9601999521255493, 3.48009991645813, 5.258999824523926, 1.423799991607666, -4.46750020980835, 1.4723999500274658, 6.253300189971924, -1.6022000312805176, -6.995800018310547, -0.22698000073432922, 5.2683000564575195, -1.820199966430664, 6.979599952697754, -0.45517000555992126, -2.3940000534057617, -2.371500015258789, 5.22629976272583, 1.2976000308990479, 8.292099952697754, 1.4847999811172485, 6.52810001373291, -2.0992000102996826, 5.608099937438965, 1.5435999631881714, 3.6191000938415527, 7.4953999519348145, -3.934299945831299, -0.9487900137901306, 2.8217999935150146, -1.653499960899353, 0.7473499774932861, 1.2515000104904175, -0.5283200144767761, -3.526099920272827, 0.1602499932050705, 3.0457000732421875, 4.8632001876831055, 3.3701999187469482, 0.5620200037956238, 3.826200008392334, 5.656199932098389, 2.0794999599456787, -4.573999881744385, -6.495299816131592, 1.5781999826431274, 5.486100196838379, 2.2904999256134033, -0.6315799951553345, -4.079599857330322, 0.8749799728393555, -6.122300148010254, -1.625, -7.430500030517578, 5.18209981918335, -4.625699996948242, -5.986400127410889, -0.0033048999030143023, 0.7900999784469604, -8.40470027923584, 1.8249000310897827, -8.90060043334961, 4.735499858856201, -1.770400047302246, 6.457799911499023, -3.5364999771118164, -4.419000148773193, 0.7498400211334229, -4.697000026702881, -4.817399978637695, 2.896899938583374, -2.751699924468994, -0.3422900140285492, -2.263700008392334, -9.24370002746582, -6.122099876403809, -8.640399932861328, 2.1245999336242676, 7.767099857330322, -4.790800094604492, 1.1301000118255615, -3.3889999389648438, -10.717000007629395, 3.693000078201294, -3.4154999256134033, -0.8368099927902222, 0.7917199730873108, 3.992500066757202, -10.206000328063965, 2.0643999576568604, 0.5693399906158447, -3.038100004196167, 0.9468799829483032, 2.9379000663757324, -2.260499954223633, -5.727799892425537, 2.8282999992370605, 1.0931999683380127, -1.2860000133514404, -6.589900016784668, -6.340400218963623, -0.7781699895858765, 3.952899932861328, -3.5945000648498535, 0.40139999985694885, -0.21546000242233276, -6.739099979400635, 1.3056999444961548, 4.3678998947143555, 6.9847002029418945, -8.135199546813965, 7.817800045013428, 3.718600034713745, 6.882500171661377, -0.5042799711227417, 9.230199813842773, -10.015000343322754, 0.39313000440597534, -7.544899940490723, 2.3183000087738037, 1.3575999736785889, -9.64840030670166, -11.800000190734863, 2.572999954223633, -11.350000381469727, -2.1749000549316406, 3.520699977874756, -0.7668099999427795, 2.164099931716919, -9.999799728393555, -3.9261999130249023, 6.066299915313721, -4.107399940490723, 1.4154000282287598, 12.642000198364258, -0.2777700126171112, -1.282099962234497, 4.715099811553955, 1.5817999839782715, -6.528299808502197, 4.882299900054932, -8.95680046081543, 1.1884000301361084, 0.7428799867630005, -4.98390007019043, 7.10129976272583, 1.340999960899353, -1.8324999809265137, -1.479099988937378, 1.4838999509811401, -0.25328999757766724, 1.5915000438690186, -2.4656999111175537, -2.3378000259399414, 7.939799785614014, -6.265200138092041, 3.2690999507904053, -1.8456000089645386, 3.129300117492676, -3.87719988822937, -2.6805999279022217, 3.9811999797821045, 0.45127999782562256, -2.140700101852417, -4.899400234222412, -3.2311999797821045, -4.007699966430664, 0.7825499773025513, 0.2629700005054474, -1.8840999603271484, 7.55620002746582, -7.250699996948242, 10.189000129699707, -0.265610009431839, -2.6138999462127686, -13.0649995803833, -4.046000003814697, -6.992700099945068, 3.6298999786376953, 0.4108099937438965, 2.067199945449829, 5.321100234985352, -3.7067999839782715, -4.107699871063232, 4.082399845123291, 11.116000175476074, -2.1556999683380127, -0.8771600127220154, 7.076700210571289, 6.651299953460693, 3.3717000484466553, 6.5777997970581055, -1.9178999662399292, -1.704699993133545, 2.030400037765503, -8.475799560546875, -5.862500190734863, 4.2708001136779785, -0.7195600271224976, -0.9206900000572205, 8.786499977111816, -1.9032000303268433, -0.5413500070571899, -2.1375999450683594, -1.231600046157837, 1.1672999858856201, -5.957699775695801, -11.201000213623047, -0.4336700141429901, 5.991399765014648, -3.7047998905181885, -11.277000427246094, -5.901000022888184, -6.070000171661377, -6.277599811553955, 7.203700065612793, 6.985400199890137, 5.701499938964844, 1.726099967956543, 0.8356199860572815, 0.3863700032234192, -4.8470001220703125, -3.2018001079559326, 7.597599983215332, 0.9529500007629395, 2.5669000148773193, -4.1585001945495605, -7.311500072479248, 7.253799915313721, -0.06570900231599808, 5.631700038909912, 0.5941600203514099, -6.394400119781494, 7.289400100708008, -1.4557000398635864, -5.0395002365112305, -3.6735000610351562, 5.092899799346924, -5.51230001449585, 4.789999961853027, -5.19350004196167, -6.18120002746582, -2.0859999656677246, -6.044000148773193, -5.241499900817871, 2.502700090408325, -1.8236000537872314, -5.7972002029418945, 0.6784200072288513, -2.7304000854492188, -0.25372999906539917, -2.855600118637085, 5.4079999923706055, -2.810499906539917, -4.2555999755859375, 0.9658399820327759, 1.3992999792099, 8.200300216674805, -0.47870001196861267, 1.1181000471115112, 8.557299613952637, 0.3013499975204468, 5.521100044250488, -0.588129997253418, -1.593400001525879, -10.855999946594238, 6.636499881744385, -2.15910005569458, -5.649099826812744, -7.999100208282471, -15.704999923706055, -2.4509999752044678, -2.161799907684326, 5.11359977722168, 12.072999954223633, 6.504899978637695, -3.417799949645996, 0.1038300022482872, -1.170699954032898, -4.59119987487793, 0.03050900064408779, -1.5047999620437622]}, {'text': 'estudie', 'pos': 'VERB', 'embedding': [-0.1494700014591217, 0.22648000717163086, 1.2487000226974487, -1.8351999521255493, 2.091099977493286, 0.003480900079011917, -2.5957000255584717, -1.1519999504089355, 1.063099980354309, 0.9637699723243713, 1.4178999662399292, 1.155500054359436, 2.2471001148223877, 2.352400064468384, -1.8733999729156494, 0.2927899956703186, -0.7589600086212158, 0.0955590009689331, 0.6983399987220764, -0.005643699783831835, -0.1567399948835373, 2.8029000759124756, -0.16843000054359436, 1.2330000400543213, -0.5401999950408936, 1.094599962234497, -0.5483599901199341, 3.0334999561309814, -0.31200000643730164, 0.2862899899482727, 2.3654000759124756, -0.9113399982452393, 0.16686999797821045, -1.7193000316619873, 4.392399787902832, -0.27628999948501587, 1.3559999465942383, 0.04760900139808655, -2.80649995803833, -0.908810019493103, -0.8981800079345703, 1.152400016784668, -2.7971999645233154, 1.4732999801635742, -1.0800000429153442, 1.77839994430542, 0.7607200145721436, 1.570099949836731, -0.9626200199127197, 1.542099952697754, 1.1606999635696411, -3.6005001068115234, 3.461400032043457, 1.8931000232696533, -2.6830999851226807, 0.8332300186157227, -0.12369000166654587, 0.7152500152587891, -3.6249001026153564, -0.16487999260425568, -1.2031999826431274, 1.0394999980926514, 0.1579200029373169, -2.1440000534057617, 1.069700002670288, 0.666379988193512, -3.7836999893188477, -2.631200075149536, -0.11246000230312347, -0.29361000657081604, 1.117400050163269, 0.95278000831604, -0.09220600128173828, 0.6850799918174744, -2.5966999530792236, -0.13856999576091766, 2.4556000232696533, -0.5787500143051147, 0.6293799877166748, -0.4597199857234955, -1.2028000354766846, 0.6158400177955627, -2.052999973297119, 0.7329000234603882, 0.6832500100135803, 1.3529000282287598, 2.446000099182129, -1.3351000547409058, 0.7793800234794617, -0.589169979095459, -1.0128999948501587, 3.9382998943328857, -0.2074500024318695, 1.1948000192642212, 2.0007998943328857, 0.6562299728393555, -0.64478999376297, 0.05473700165748596, -3.150399923324585, 1.9313000440597534, 2.347399950027466, -1.152500033378601, 0.13541999459266663, 0.16113999485969543, -0.2586899995803833, 1.2156000137329102, 2.647900104522705, -0.6580100059509277, -1.2509000301361084, -0.35019999742507935, 1.5549999475479126, 0.019587000831961632, 0.1487800031900406, 1.8377000093460083, 1.3493000268936157, -1.5456000566482544, -0.11530999839305878, 1.8645999431610107, -1.2130000591278076, -1.3579000234603882, 0.5489299893379211, 1.6064000129699707, -1.7874000072479248, -1.6119999885559082, 2.2662999629974365, 3.302299976348877, 0.387470006942749, -0.36535000801086426, 1.478600025177002, 0.3226799964904785, -0.42574000358581543, -1.4528000354766846, 1.751099944114685, -0.31584998965263367, -0.06366100162267685, -1.7610000371932983, 1.6627000570297241, -0.7861199975013733, 1.2888000011444092, -1.0872999429702759, -1.7965999841690063, 2.388000011444092, -1.6653000116348267, 1.74399995803833, 1.8610999584197998, -0.15783999860286713, -0.11845000088214874, 0.3346399962902069, -1.2346999645233154, 0.1427299976348877, 0.5135599970817566, -1.5288000106811523, -1.4732999801635742, 3.4179999828338623, -1.0741000175476074, -0.4686799943447113, -0.4716799855232239, 1.3183000087738037, 0.0922819972038269, 0.1383800059556961, 2.2862000465393066, 1.5705000162124634, 0.7896199822425842, 0.1041800007224083, 1.6994999647140503, -0.9909700155258179, -0.23582999408245087, -0.7278599739074707, 2.309799909591675, -1.3317999839782715, 2.6456000804901123, 0.2863300144672394, -0.9409300088882446, 1.0954999923706055, 1.1988999843597412, -0.7551599740982056, -1.073799967765808, 1.2253999710083008, 1.6670000553131104, -1.5889999866485596, -1.6375000476837158, -0.03697500005364418, 3.005000114440918, -1.677899956703186, 1.0025999546051025, -2.580399990081787, -0.6087700128555298, 3.1466000080108643, -2.9439001083374023, 2.1556999683380127, 1.4918999671936035, -2.2053000926971436, -0.23070000112056732, 0.9221199750900269, -0.6960099935531616, 0.3970299959182739, 1.7819000482559204, 1.8875999450683594, -1.451300024986267, 2.0687999725341797, 0.09843400120735168, 0.4737299978733063, 3.2894999980926514, -2.270400047302246, 0.6959900259971619, -3.183199882507324, -0.4999200105667114, 0.25402000546455383, -0.28883999586105347, -0.6844099760055542, 0.42267000675201416, -0.6755099892616272, 1.236199975013733, 0.8089699745178223, -2.334199905395508, 2.819000005722046, 1.5461000204086304, -1.7506999969482422, -1.6806000471115112, -0.2167699933052063, -0.056251998990774155, -1.6469999551773071, 3.4565999507904053, 0.48017001152038574, 1.2903000116348267, 0.46233999729156494, 2.1637001037597656, 1.2208000421524048, -0.727620005607605, 0.7511699795722961, -1.1878000497817993, -2.0013999938964844, -2.4514999389648438, 0.8863000273704529, -0.15519000589847565, -0.33855000138282776, 0.08714699745178223, 0.25863000750541687, 1.583299994468689, 0.8622400164604187, -1.1793999671936035, -0.2873699963092804, -1.106600046157837, -2.7585999965667725, -0.6429200172424316, -1.7989000082015991, -2.1524999141693115, 1.4556000232696533, 1.2197999954223633, -0.6142600178718567, -0.45247000455856323, 0.08763699978590012, 0.27177000045776367, -0.9899200201034546, -0.8756399750709534, 0.3091900050640106, -0.6962199807167053, -2.0815999507904053, -0.4866900146007538, 0.9895099997520447, 0.6751099824905396, -2.1442999839782715, -2.0952000617980957, -0.5182099938392639, 1.2861000299453735, -2.6052000522613525, 1.0295000076293945, 2.426100015640259, 0.8592699766159058, 0.04886399954557419, 1.8073999881744385, 0.02908799983561039, 2.710200071334839, -0.15706999599933624, -0.4808099865913391, -0.9668300151824951, 1.7628999948501587, -0.7375400066375732, -1.7138999700546265, -2.047100067138672, -1.4630000591278076, -0.9339600205421448, 1.7681000232696533, -1.0679999589920044, 0.7744799852371216, 1.95169997215271, -1.0693999528884888, 1.6385999917984009, 0.4228299856185913, 1.7008999586105347, -2.3986001014709473, 0.48923999071121216, -1.2378000020980835, -1.9211000204086304, 2.510499954223633, 2.2262001037597656, -0.8347899913787842, 0.9828699827194214, 1.5184999704360962, -3.341399908065796]}, {'text': 'para', 'pos': 'ADP', 'embedding': [-1.4745999574661255, -0.5474799871444702, 3.347100019454956, -0.769070029258728, -1.9144999980926514, -3.1800999641418457, -0.12796999514102936, -0.2680099904537201, 0.7450699806213379, 4.229400157928467, -0.31821000576019287, 6.47130012512207, 2.3917999267578125, 1.9013999700546265, -2.3187999725341797, 0.14217999577522278, 4.010000228881836, 1.9805999994277954, 4.540999889373779, 2.9142000675201416, 1.6399999856948853, 1.848099946975708, 1.6628999710083008, 1.3301000595092773, -2.0116000175476074, -5.563899993896484, -0.030507000163197517, 1.8349000215530396, -0.5464199781417847, -4.878200054168701, 1.454699993133545, 1.704200029373169, -1.562999963760376, 1.1260000467300415, -0.8295800089836121, -1.6016000509262085, 2.048799991607666, -0.9883800148963928, -1.0024000406265259, -0.3671700060367584, -0.5490000247955322, -0.7686100006103516, -0.6514400243759155, -2.266400098800659, -1.1871000528335571, -6.006100177764893, -4.76800012588501, 2.3194000720977783, 0.6316999793052673, -0.20753000676631927, -0.12961000204086304, 0.19843000173568726, 2.6624999046325684, 4.395599842071533, -4.7895002365112305, -0.4636400043964386, 2.6308000087738037, 0.014259000308811665, -5.135799884796143, 0.6497600078582764, -0.17789000272750854, -3.3118999004364014, -3.141900062561035, -2.90339994430542, 0.3768399953842163, -0.13529999554157257, -0.6309599876403809, -2.301500082015991, -0.5202199816703796, -0.6103699803352356, 2.3694000244140625, 3.2385001182556152, 0.19662000238895416, -2.376699924468994, 1.6261999607086182, 0.5925099849700928, 0.18140999972820282, 4.353499889373779, -0.6279000043869019, 1.5849000215530396, -2.9909000396728516, -1.2288999557495117, -1.395900011062622, 1.9799000024795532, 2.928499937057495, 0.5305399894714355, 2.3691999912261963, -0.18452000617980957, 2.134399890899658, -1.642300009727478, 0.954990029335022, 0.18233999609947205, -0.3019300103187561, -1.3509999513626099, -0.3862999975681305, 1.888100028038025, -0.5094900131225586, -0.1448799967765808, 3.0680999755859375, -1.003100037574768, 1.926200032234192, 3.419300079345703, -1.2335000038146973, 1.6399999856948853, 2.104099988937378, 3.883500099182129, -1.3875000476837158, -1.7073999643325806, 2.169100046157837, 0.3454799950122833, -0.9731400012969971, 1.2532999515533447, 2.368499994277954, -1.4117000102996826, 3.263000011444092, 3.3043999671936035, -0.18779000639915466, 0.9817299842834473, -3.1066999435424805, 1.3142000436782837, -2.8533999919891357, -2.213900089263916, 0.32339999079704285, 0.9791100025177002, -0.4194200038909912, 0.7123399972915649, 2.0624001026153564, 0.20118999481201172, -1.3336000442504883, -0.5138499736785889, -3.41129994392395, -0.5499699711799622, -0.8531799912452698, 1.3995000123977661, -0.765720009803772, 1.451799988746643, 2.1526999473571777, -2.1468000411987305, 4.1269001960754395, 0.5876799821853638, 1.5741000175476074, 1.6114000082015991, -1.2842999696731567, 2.142899990081787, -2.1833999156951904, 0.17634999752044678, 3.1454999446868896, 0.2914400100708008, -2.936500072479248, 1.5499999523162842, 1.0283000469207764, -3.133699893951416, 2.7578001022338867, 3.4089999198913574, 3.1124000549316406, 1.0152000188827515, -2.798099994659424, -2.9347000122070312, 1.3720999956130981, 0.2655099928379059, 1.8395999670028687, -1.1646000146865845, -0.5807399749755859, 1.1577999591827393, -0.10454999655485153, -0.48857998847961426, -2.0422000885009766, 0.15660999715328217, 1.2998000383377075, -6.528500080108643, 2.1916000843048096, 1.3381999731063843, -0.7027300000190735, -1.9292000532150269, 4.38670015335083, 0.2884199917316437, 4.775300025939941, 0.0018946999916806817, 1.281999945640564, -1.51010000705719, -1.7160999774932861, 0.7844600081443787, 4.086900234222412, -0.5729900002479553, 1.47160005569458, 1.6577999591827393, 0.32993999123573303, 3.0378000736236572, -2.241300106048584, -2.352299928665161, 1.576200008392334, 3.971299886703491, -1.0966999530792236, 1.954699993133545, 0.7206000089645386, -2.407099962234497, 0.7659100294113159, 0.12284000217914581, -0.39548999071121216, 1.0472999811172485, -0.8893899917602539, -0.3939099907875061, 0.37105000019073486, 0.300709992647171, -2.493000030517578, -1.532099962234497, -0.02711700089275837, 4.114699840545654, 1.7101999521255493, -4.534999847412109, -0.23398999869823456, -0.37127000093460083, -0.516319990158081, 1.4155000448226929, -2.4196999073028564, 1.394700050354004, 3.8250999450683594, 4.507800102233887, -0.5742800235748291, 0.15357999503612518, -2.2014000415802, -4.176700115203857, 2.5090999603271484, -0.15751999616622925, 0.46476998925209045, -0.48291000723838806, -1.1419999599456787, -1.500100016593933, 0.25439000129699707, 1.816100001335144, 2.758500099182129, -0.5028499960899353, 0.38425999879837036, 0.4068300127983093, -1.153499960899353, -1.1920000314712524, 1.1837999820709229, -2.4163999557495117, 2.4368999004364014, -3.3046998977661133, 3.9061999320983887, 1.4393999576568604, -0.9240000247955322, 1.4101999998092651, -1.0852999687194824, -1.7800999879837036, 0.14890000224113464, -4.004499912261963, 0.857230007648468, 2.0690999031066895, 2.6656999588012695, 3.8577001094818115, 0.2533400058746338, 2.4744999408721924, 2.7690000534057617, 0.8250899910926819, -3.325900077819824, -2.9386000633239746, 1.4704999923706055, 3.5750999450683594, -1.3371000289916992, 1.0937000513076782, 0.32739999890327454, -4.235099792480469, 2.112499952316284, 2.0309998989105225, 1.0180000066757202, 2.2546000480651855, -0.03544899821281433, -0.985759973526001, 0.613789975643158, 2.223900079727173, -1.9700000286102295, -7.434100151062012, -0.35732999444007874, -0.49507999420166016, 0.5496799945831299, 1.0054999589920044, 0.2678700089454651, -1.1956000328063965, -3.503700017929077, -0.11864999681711197, -0.43887001276016235, 1.4012000560760498, -2.9210000038146973, 3.348400115966797, 3.2720000743865967, -0.6172500252723694, 3.708699941635132, 1.7788000106811523, 3.281399965286255, -1.570199966430664, 1.2655999660491943, -1.082200050354004, -0.3551900088787079, -2.2983999252319336, -1.4163999557495117, 3.721400022506714, 0.11533000320196152, 0.7125800251960754]}, {'text': 'mi', 'pos': 'DET', 'embedding': [0.031511999666690826, -1.778499960899353, -10.034000396728516, 1.635699987411499, 0.3972499966621399, -2.731800079345703, -8.151700019836426, -1.1557999849319458, 7.498300075531006, 2.459199905395508, -2.349900007247925, -4.44920015335083, -2.674299955368042, -6.833600044250488, 3.288800001144409, 2.083899974822998, 12.770000457763672, -4.802499771118164, 10.401000022888184, 1.1441999673843384, -3.085900068283081, -7.726399898529053, 3.071500062942505, -3.9941999912261963, -4.5894999504089355, -0.8307399749755859, -2.167799949645996, -4.599699974060059, -2.1150999069213867, 12.142999649047852, -11.07800006866455, 9.181599617004395, 3.8578999042510986, -5.017499923706055, 8.047900199890137, 4.524099826812744, 0.7897899746894836, 4.716300010681152, 3.8787999153137207, -5.157899856567383, 6.2972002029418945, -0.30184000730514526, 3.5822999477386475, 4.618000030517578, 12.07699966430664, -5.012599945068359, -3.618000030517578, 9.817000389099121, 2.370699882507324, -0.43865999579429626, -4.375699996948242, 0.3888700008392334, -0.6974200010299683, -2.7790000438690186, -0.8266699910163879, -2.458699941635132, 5.749300003051758, -4.764200210571289, 4.963699817657471, 3.9316999912261963, 6.032700061798096, 2.2471001148223877, -0.30083999037742615, 6.6975998878479, -0.596589982509613, -5.679699897766113, -5.836900234222412, -7.4695000648498535, 3.2497000694274902, 4.049600124359131, -4.239699840545654, 1.9575999975204468, -10.369999885559082, -1.516700029373169, -2.4879000186920166, 8.32610034942627, -4.332099914550781, -3.338399887084961, 1.4739999771118164, -10.07800006866455, -1.4967000484466553, 3.671299934387207, -3.6428000926971436, -2.296099901199341, -12.553999900817871, 4.151400089263916, 5.047299861907959, 2.1505000591278076, -1.6240999698638916, -0.08006399869918823, 3.411600112915039, 5.740499973297119, -3.1503000259399414, -7.983799934387207, -8.31089973449707, 9.751899719238281, -6.353799819946289, 1.9257999658584595, 4.276100158691406, -3.7936999797821045, -9.710700035095215, 1.2690000534057617, -8.356300354003906, -3.6041998863220215, 4.97730016708374, 3.2421000003814697, 6.406700134277344, 2.552799940109253, -3.0785999298095703, 0.6982700228691101, 1.9600000381469727, 12.76099967956543, -3.8060998916625977, 0.9502900242805481, 0.755840003490448, 2.7279999256134033, -4.114500045776367, -0.8182200193405151, 0.9769999980926514, 4.104100227355957, 0.16899000108242035, 7.368800163269043, 1.1431000232696533, 0.03914099931716919, -0.3851799964904785, 4.197199821472168, -12.012999534606934, -9.321700096130371, 1.0748000144958496, -3.589400053024292, 6.981299877166748, 10.383999824523926, 0.5141599774360657, 5.547399997711182, 3.8770999908447266, 1.8841999769210815, -3.814300060272217, 2.54010009765625, 5.551499843597412, 0.4705300033092499, 6.0543999671936035, -9.325400352478027, -5.458399772644043, 7.942299842834473, 2.422100067138672, 4.866099834442139, -8.048700332641602, 4.694799900054932, 4.617000102996826, 10.406999588012695, 1.5003999471664429, 3.6644999980926514, 7.184500217437744, -2.3622000217437744, 3.3808000087738037, -2.4614999294281006, -0.7140200138092041, -1.1490999460220337, -7.592800140380859, -5.108399868011475, -1.6992000341415405, 7.951200008392334, -5.261300086975098, 7.337800025939941, 0.36153000593185425, -4.3968000411987305, 1.2833000421524048, -7.223899841308594, -7.433599948883057, -0.604889988899231, -0.5604299902915955, 10.597999572753906, -11.555999755859375, -7.900599956512451, 7.05810022354126, 2.043299913406372, 4.134500026702881, 3.18969988822937, 0.1049100011587143, 2.812000036239624, 7.851399898529053, -1.8101999759674072, -8.00220012664795, -4.60699987411499, -0.9433000087738037, 1.6956000328063965, -10.90999984741211, -9.935500144958496, -2.297499895095825, -5.233399868011475, -2.6912999153137207, -0.45451998710632324, -2.617300033569336, -10.430000305175781, 2.3057000637054443, -0.46606001257896423, -2.8833999633789062, 4.464600086212158, -5.237800121307373, 1.0746999979019165, 7.153200149536133, 14.904000282287598, -1.5013999938964844, 7.334400177001953, 0.6529600024223328, 3.958199977874756, 2.8373000621795654, 0.44953998923301697, 5.0625, 4.992599964141846, 0.18794000148773193, 6.0833001136779785, 9.091699600219727, -7.566999912261963, -0.34942999482154846, 6.535799980163574, 2.8977999687194824, 5.193299770355225, -5.486000061035156, 2.7585999965667725, -0.8755699992179871, 6.704100131988525, -7.209499835968018, 1.3701000213623047, -5.65369987487793, -2.342900037765503, 10.1850004196167, -8.745400428771973, -0.7912700176239014, 5.20359992980957, -2.9781999588012695, -5.916100025177002, -3.011699914932251, 7.0777997970581055, 0.4193800091743469, 0.16248999536037445, -4.716000080108643, 0.5126000046730042, -2.427500009536743, -1.9184000492095947, -2.081399917602539, 0.41218000650405884, -1.4220999479293823, -2.8620998859405518, 5.313000202178955, -1.4327000379562378, 5.612100124359131, 0.8440600037574768, 2.4428999423980713, -0.6294599771499634, 0.22631999850273132, -3.7291998863220215, -4.024499893188477, -5.318299770355225, 6.370299816131592, -5.119500160217285, 2.6991000175476074, -3.039099931716919, -3.6921000480651855, -3.075500011444092, 5.427599906921387, 5.15749979019165, 7.321800231933594, -3.4093000888824463, -2.584199905395508, 12.6850004196167, -3.2915000915527344, -6.88539981842041, -3.867300033569336, -2.471400022506714, 6.978899955749512, 7.333499908447266, -7.044400215148926, 3.1547999382019043, -12.748000144958496, 8.824999809265137, -4.1803998947143555, -1.3911000490188599, -0.8759099841117859, -3.134200096130371, -5.038400173187256, -7.029300212860107, 5.032199859619141, 1.1260000467300415, 1.1778000593185425, -5.682400226593018, -10.444999694824219, -1.0256999731063843, -3.6875, 1.246399998664856, 0.10984999686479568, 8.127900123596191, 2.09660005569458, -7.36460018157959, 1.3532999753952026, 6.9934000968933105, -4.965000152587891, -2.185800075531006, -3.7381999492645264, 6.826399803161621]}, {'text': 'examen', 'pos': 'NOUN', 'embedding': [0.7278800010681152, -0.5886099934577942, 1.6786999702453613, -0.5020999908447266, 2.2737998962402344, -1.2869000434875488, -3.3261001110076904, 2.2446000576019287, -0.3657900094985962, 0.9207299947738647, 1.070199966430664, 1.5185999870300293, 2.1322999000549316, 0.9470700025558472, -0.05474900081753731, 2.2692999839782715, 1.9573999643325806, -2.315700054168701, 2.0164999961853027, -1.462499976158142, 0.3066500127315521, 1.423699975013733, 0.37643998861312866, -1.1275999546051025, 0.8663600087165833, 0.4728899896144867, -3.2709999084472656, 2.3122000694274902, -1.5879000425338745, -1.7055000066757202, -0.5087900161743164, 0.3059299886226654, -3.0797998905181885, -2.4409000873565674, 2.017699956893921, -0.1790899932384491, 2.8849000930786133, 0.7617800235748291, -3.469599962234497, 1.0195000171661377, -2.29830002784729, 2.536799907684326, 0.8606100082397461, 1.0225000381469727, 0.9973800182342529, 3.09689998626709, 1.3737000226974487, 0.4538800120353699, -1.090000033378601, -2.3910000324249268, -0.06825999915599823, -2.3048999309539795, 0.9869199991226196, -2.256200075149536, -1.5642999410629272, -0.3650299906730652, 4.031400203704834, -1.496500015258789, 0.33368998765945435, 1.9815000295639038, -1.1201000213623047, 0.3719800114631653, 1.0045000314712524, -0.3277300000190735, 3.420300006866455, -0.47350001335144043, 0.919979989528656, -0.8390899896621704, -2.0373001098632812, 1.9496999979019165, -3.5501999855041504, -2.765399932861328, -1.9259999990463257, -2.4941999912261963, -2.1923000812530518, -2.093100070953369, 2.7688000202178955, -1.0667999982833862, 0.8008800148963928, 1.8284000158309937, -1.1062999963760376, 2.2295000553131104, 1.7582000494003296, -0.4768800139427185, 2.9725000858306885, 2.620300054550171, 0.17493000626564026, 1.162500023841858, 1.7924000024795532, 0.838890016078949, -0.23639999330043793, 2.0485999584198, 0.006781400181353092, -0.5452899932861328, 1.3193000555038452, -2.171299934387207, -2.9007999897003174, 1.149399995803833, -0.8940399885177612, -1.3753999471664429, 4.5746002197265625, -1.0633000135421753, -1.021299958229065, -1.9651999473571777, -1.5583000183105469, 3.1953999996185303, -1.6686999797821045, -3.043800115585327, -0.8259000182151794, 0.21595999598503113, 0.7681499719619751, 1.895300030708313, -2.0492000579833984, 1.5842000246047974, -1.4867000579833984, 2.150599956512451, 2.09660005569458, -1.577299952507019, -3.895900011062622, -3.518899917602539, -2.2874999046325684, -0.3168700039386749, 1.6260000467300415, 0.6734499931335449, 0.6976199746131897, 4.3846001625061035, 1.0355000495910645, 2.6821999549865723, 0.7074400186538696, -0.8008800148963928, 3.351900100708008, 0.6070200204849243, 2.448499917984009, 0.39254000782966614, -1.4031000137329102, 1.1822999715805054, -0.9421899914741516, -2.6819000244140625, -0.8682799935340881, -2.440999984741211, -0.3290199935436249, -0.2954300045967102, 0.866129994392395, 0.4641599953174591, 1.4622999429702759, 3.131200075149536, 0.9289699792861938, 1.2788000106811523, -1.1748000383377075, 0.7255200147628784, -0.5073800086975098, -0.707610011100769, 0.9580199718475342, 2.606300115585327, 1.316499948501587, -0.2997699975967407, -1.292099952697754, -1.1115000247955322, 0.05744900181889534, 2.6774001121520996, 2.8039000034332275, 2.996299982070923, 0.7704799771308899, -0.6323800086975098, 0.5837900042533875, 0.5260699987411499, -0.6408299803733826, 0.7854200005531311, 0.7894300222396851, -0.3123700022697449, 2.749500036239624, -0.18162000179290771, 0.35460999608039856, -0.6652100086212158, 2.7939000129699707, 0.514989972114563, -4.811100006103516, 1.4677000045776367, -1.212499976158142, -2.645699977874756, 0.006336099933832884, -0.4824399948120117, 1.6885000467300415, 1.1396000385284424, 1.045199990272522, -0.19806000590324402, -0.2839899957180023, 0.7608000040054321, -2.703000068664551, 1.6629999876022339, 3.4574999809265137, -1.4399000406265259, 1.2117999792099, 0.487309992313385, 1.104599952697754, 1.5499999523162842, 2.2611000537872314, 5.598999977111816, -0.9251300096511841, 1.4981000423431396, -0.49171000719070435, 2.926500082015991, 5.064000129699707, -1.0306999683380127, -2.990799903869629, -2.677500009536743, 2.078200101852417, 1.2905000448226929, 0.00862010009586811, 0.1145699992775917, -0.9323700070381165, -2.3164000511169434, -2.146699905395508, -2.5810999870300293, -3.108799934387207, 1.0520000457763672, 0.24597999453544617, -0.27417001128196716, 0.754580020904541, -1.128499984741211, -0.7397300004959106, 0.5741599798202515, 3.2901999950408936, -0.946940004825592, -1.249899983406067, -0.5122600197792053, 0.2185799926519394, -0.30234000086784363, -1.0891000032424927, 0.955049991607666, -2.8361001014709473, 0.5715799927711487, -1.663100004196167, 1.9276000261306763, -2.8457000255584717, 1.3150999546051025, 0.9423499703407288, 1.450600028038025, 1.0748000144958496, -0.34797000885009766, -0.8434900045394897, 2.4156999588012695, 1.3320000171661377, 0.9560800194740295, -1.7080999612808228, -1.2481000423431396, -0.2870199978351593, 1.7710000276565552, 0.3964200019836426, -0.501230001449585, -1.065600037574768, 2.190500020980835, 0.7778199911117554, 0.7135199904441833, -0.2469799965620041, -0.09628099948167801, -0.32273000478744507, -0.687529981136322, 0.4995200037956238, 1.7603000402450562, -0.9013199806213379, -3.8203001022338867, 0.499099999666214, -1.4603999853134155, -0.9867900013923645, 0.8555600047111511, -1.632599949836731, 0.9286699891090393, 2.2864999771118164, -2.9117000102996826, -0.9195399880409241, 1.080199956893921, -4.177199840545654, 0.01272599957883358, -4.865799903869629, 1.5463999509811401, -1.9766000509262085, -0.9028300046920776, -3.5044000148773193, -2.169800043106079, -1.2371000051498413, 1.9837000370025635, -0.33305999636650085, -1.9550000429153442, 1.9598000049591064, -1.9615000486373901, 3.809999942779541, -0.6284899711608887, -0.24300000071525574, -1.4283000230789185, 1.1710000038146973, 2.6184000968933105, 0.1520799994468689, -3.4584999084472656, 0.08563899993896484, -1.8865000009536743, -3.601300001144409, -0.21191999316215515, 0.17985999584197998, -2.7527999877929688]}, {'text': ',', 'pos': 'PUNCT', 'embedding': [1.3494000434875488, 2.9574999809265137, -0.6002900004386902, -1.4076000452041626, 1.9091999530792236, -0.2853600084781647, 0.5819399952888489, 2.432800054550171, -1.594099998474121, 2.103300094604492, 2.36899995803833, 4.210400104522705, 3.8938000202178955, -0.9963700175285339, -0.18686999380588531, -1.218000054359436, -0.23134000599384308, 3.919600009918213, -1.9876999855041504, 1.6500999927520752, 1.7580000162124634, 1.7235000133514404, -3.5566000938415527, 0.008959700353443623, -0.16845999658107758, 2.163599967956543, -0.36423999071121216, -1.0799000263214111, 0.6122599840164185, 1.5920000076293945, 0.49066999554634094, -0.49421000480651855, 2.5034000873565674, -0.2049500048160553, -1.2517999410629272, -2.99399995803833, -2.0876998901367188, -2.3922998905181885, 0.5235300064086914, -0.7949299812316895, -0.2366899996995926, -0.04637200012803078, -4.492300033569336, 0.43094000220298767, -2.3538999557495117, 2.7204999923706055, -1.0830999612808228, -1.9057999849319458, -2.5030999183654785, 2.4000000953674316, 3.2004001140594482, -4.710999965667725, -0.03800300136208534, 0.33983999490737915, -1.451200008392334, -2.3178000450134277, -0.8106399774551392, 0.6784499883651733, -2.003999948501587, -2.759500026702881, -0.5507000088691711, -1.2037999629974365, -0.5819600224494934, -2.0244998931884766, 2.545099973678589, 2.7502999305725098, -3.520900011062622, -0.7934100031852722, -1.6642999649047852, -0.28668999671936035, 0.5144299864768982, 0.891979992389679, -0.10740000009536743, 1.2882000207901, -0.9444000124931335, 2.023400068283081, 1.0302000045776367, 1.2263000011444092, 1.6384999752044678, -1.377500057220459, 0.06721299886703491, -0.7032300233840942, -3.6468000411987305, 1.5953999757766724, 0.40742000937461853, 1.6384999752044678, 1.9907000064849854, -2.1157000064849854, 1.5181000232696533, 0.5656899809837341, -2.7249999046325684, 2.6519999504089355, 0.21517999470233917, 0.8486400246620178, -0.8194199800491333, -1.5132999420166016, 1.9520000219345093, -2.2432000637054443, -4.08620023727417, 2.7964000701904297, -0.5230299830436707, 1.6262999773025513, -0.07324899733066559, 0.5948399901390076, -3.131500005722046, -1.0382000207901, 3.0129001140594482, -2.2597999572753906, 0.787090003490448, 0.7491099834442139, -2.102099895477295, 0.10812000185251236, 2.7281999588012695, -2.691499948501587, 4.22790002822876, -1.3581000566482544, 1.1060999631881714, 1.823699951171875, 0.2944200038909912, 2.159600019454956, 0.4706299901008606, 0.056974999606609344, -3.037100076675415, -1.833899974822998, 1.1243000030517578, 1.6338000297546387, -1.0185999870300293, -0.38273000717163086, 4.1855998039245605, 1.1756000518798828, 1.368499994277954, -3.5601000785827637, -0.22392000257968903, -1.5543999671936035, 0.8782200217247009, -2.6470999717712402, 1.373900055885315, 0.9404299855232239, -0.8207299709320068, 1.448699951171875, -3.1229000091552734, 0.01080899965018034, -0.12376999855041504, 1.0389000177383423, -0.722819983959198, 2.1596999168395996, 0.3353700041770935, -1.6833000183105469, 1.4736000299453735, 1.410599946975708, -1.5845999717712402, -1.792099952697754, 0.27698999643325806, 2.5838000774383545, 0.6173700094223022, -1.6411000490188599, -2.1438000202178955, 2.061800003051758, -0.9914900064468384, 1.2476999759674072, -0.9114000201225281, -0.43452998995780945, 2.25570011138916, 1.2795000076293945, 1.091599941253662, -1.0547000169754028, -0.29947999119758606, -1.8243000507354736, -1.298699975013733, -0.14145000278949738, 0.7864199876785278, 1.0750000476837158, 2.472399950027466, 1.166100025177002, 2.0380001068115234, -0.1172500029206276, 1.3838000297546387, 2.2018001079559326, 2.702199935913086, 0.735759973526001, 2.2256999015808105, -2.530100107192993, -1.0255999565124512, 0.4955500066280365, -6.3231000900268555, 0.6705999970436096, 0.31610000133514404, 1.1937999725341797, -2.9314000606536865, 1.1546000242233276, 5.684500217437744, -0.5829100012779236, -1.6445000171661377, 3.7093000411987305, -3.3864998817443848, -0.6462699770927429, -2.0074000358581543, 0.36827000975608826, 0.4032000005245209, 3.145400047302246, 0.20994000136852264, -2.382999897003174, -0.8601999878883362, -0.44916000962257385, 1.7610000371932983, 1.8702000379562378, -1.0751999616622925, 0.5016499757766724, 1.3631000518798828, 0.8163700103759766, -2.4804999828338623, 0.8163599967956543, 0.03790299966931343, -0.32787999510765076, -0.35659998655319214, 3.1059000492095947, 2.6986000537872314, 0.5766800045967102, -0.018079999834299088, -0.83433997631073, -1.8078999519348145, 0.027160000056028366, -0.27140000462532043, 2.2613000869750977, 4.229300022125244, 0.2766999900341034, -0.020677000284194946, 1.9901000261306763, -1.7791999578475952, 2.6517999172210693, -3.315000057220459, -2.915800094604492, -1.815500020980835, -0.1448799967765808, -0.724839985370636, 1.0749000310897827, 1.7340999841690063, -0.697160005569458, 0.2391899973154068, 0.17423999309539795, -1.402999997138977, -2.7987000942230225, -3.366499900817871, -0.04868000000715256, -2.0564000606536865, 2.071199893951416, -1.0462000370025635, 2.336199998855591, 0.639930009841919, 2.34879994392395, 0.7311800122261047, 0.2132900059223175, -3.8092000484466553, 0.8762800097465515, 1.9524999856948853, 1.7553000450134277, -1.4958000183105469, 1.3128000497817993, -0.6613699793815613, -1.9436999559402466, 0.6402000188827515, 0.5843799710273743, 0.8150100111961365, -2.0160999298095703, 2.82669997215271, -1.1815999746322632, 2.8190999031066895, 3.5257999897003174, -1.1514999866485596, 1.6726000308990479, 1.8758000135421753, 0.11918000131845474, 2.8631999492645264, -0.2542000114917755, 4.146100044250488, -0.20087000727653503, 4.322500228881836, 2.0434999465942383, 1.812399983406067, -1.3955999612808228, 1.0658999681472778, -0.7317100167274475, 4.065199851989746, -0.7927299737930298, 2.4737000465393066, 2.4504001140594482, 1.2793999910354614, -0.9660099744796753, -0.2803399860858917, -0.6026300191879272, -1.3180999755859375, 0.24310000240802765, 0.3531799912452698, 0.7275199890136719, 2.8340001106262207, -0.051197998225688934, 3.489500045776367, 1.3458000421524048, -2.1096999645233154, -0.45552998781204224]}, {'text': 'espero', 'pos': 'VERB', 'embedding': [-1.3487999439239502, -2.4856998920440674, 0.2658799886703491, -1.6836999654769897, -4.207300186157227, -1.4326000213623047, -3.314500093460083, 2.0062999725341797, 0.7019799947738647, 5.302700042724609, -1.4559999704360962, 0.6999499797821045, -0.2552199959754944, 1.3313000202178955, -1.812000036239624, 0.16200000047683716, 2.8254001140594482, 2.9328999519348145, 3.2151999473571777, -2.1665000915527344, 0.4418500065803528, -0.30267998576164246, 0.4228399991989136, -1.4910999536514282, -3.5720999240875244, -3.665299892425537, 2.1431000232696533, -0.36223000288009644, -0.8909000158309937, 0.608680009841919, -2.0452001094818115, 4.302800178527832, 1.0729000568389893, -0.7777400016784668, 0.7293599843978882, 0.8780699968338013, 1.7681000232696533, 0.6686099767684937, 0.9960100054740906, -2.341599941253662, 4.951900005340576, -0.821340024471283, 1.2610000371932983, 1.3235000371932983, 0.5241100192070007, -0.4625200033187866, -2.7123000621795654, -0.34126999974250793, 0.0022974000312387943, 1.319599986076355, 0.9546700119972229, 1.5881999731063843, -1.3799999952316284, -1.1548999547958374, -1.8660999536514282, 1.8228000402450562, 1.5152000188827515, 0.1610099971294403, -0.5108299851417542, -0.3035300076007843, 1.1110999584197998, -1.5723999738693237, 1.0556000471115112, 0.8729400038719177, -0.6022899746894836, -0.5281500220298767, -1.3809000253677368, -3.7574000358581543, 1.121899962425232, -1.003499984741211, 1.304900050163269, 2.395699977874756, -0.22336000204086304, 1.2315000295639038, -0.6322500109672546, 0.07957100123167038, -1.0205999612808228, 0.13539999723434448, 3.824700117111206, -1.0529999732971191, -3.801500082015991, -0.7874900102615356, 0.6198800206184387, -1.5715999603271484, -0.3940199911594391, 2.8089001178741455, 0.15208999812602997, 0.7714599967002869, 0.8033999800682068, -1.4629000425338745, 1.7116999626159668, 2.4567999839782715, 0.41736000776290894, -1.2544000148773193, -2.9205000400543213, 2.2829999923706055, -1.4408999681472778, -0.146139994263649, 2.483599901199341, 2.0404000282287598, 2.884999990463257, 0.6122400164604187, -1.277899980545044, -1.0226999521255493, -0.1823900043964386, 1.0719000101089478, -1.8456000089645386, 2.1624999046325684, -0.7526299953460693, 0.10402999818325043, 0.31286999583244324, 1.3285000324249268, 0.9683799743652344, -0.17510999739170074, 2.2156999111175537, -0.5833200216293335, 1.3868000507354736, -0.7942699790000916, -0.8846200108528137, -0.9825400114059448, -0.9704800248146057, 2.212599992752075, -0.18761999905109406, -2.5727999210357666, 0.9963099956512451, 0.33715999126434326, 2.1981000900268555, -0.2995299994945526, 0.16776999831199646, -2.1898000240325928, 0.7005000114440918, 0.5855799913406372, -0.3579399883747101, 4.004499912261963, -0.13580000400543213, 2.938999891281128, 2.0322000980377197, 1.6161999702453613, -0.5096799731254578, 2.5506999492645264, -2.6858999729156494, -1.2486000061035156, 0.5888100266456604, 2.1591999530792236, -1.0437999963760376, 0.8217800259590149, -1.4938000440597534, 2.2927000522613525, -1.410099983215332, 0.3288100063800812, -0.5516899824142456, 1.0326000452041626, 0.9160100221633911, 0.7563599944114685, -0.6255599856376648, 0.8689699769020081, -0.8374699950218201, 0.36410999298095703, -0.11619000136852264, 1.0214999914169312, -0.9112100005149841, 1.294700026512146, -0.5508400201797485, -0.46525999903678894, -3.021399974822998, -2.8559999465942383, 1.437399983406067, -4.0991997718811035, 0.2896299958229065, -2.2379000186920166, -1.246999979019165, 0.6894400119781494, 0.33087998628616333, -3.932800054550171, 4.986800193786621, -0.7466999888420105, 1.8162000179290771, 0.7895799875259399, -0.2650200128555298, 3.1644999980926514, 1.1866999864578247, 4.100200176239014, -1.1861000061035156, -3.978300094604492, 0.9959700107574463, -1.1964999437332153, -2.3326001167297363, -0.8278300166130066, 0.021764000877738, -2.4964001178741455, 3.032599925994873, 0.37523001432418823, -2.4814000129699707, -0.9362599849700928, -1.9276000261306763, -1.5723999738693237, -1.7086999416351318, 0.8360000252723694, 1.1133999824523926, -1.7249000072479248, -0.04249199852347374, 1.256600022315979, 1.6441999673843384, -0.8199599981307983, 1.3889000415802002, -0.8697100281715393, 2.6782000064849854, 0.12847000360488892, 0.7205100059509277, -0.09363800287246704, -2.077399969100952, 1.1433000564575195, 2.2351999282836914, -0.724839985370636, -1.5096999406814575, -0.9466999769210815, 1.1592999696731567, 1.8423999547958374, -2.7172000408172607, 2.143899917602539, -1.8587000370025635, -0.4019300043582916, -0.8453199863433838, 0.2750999927520752, -0.05353600159287453, -2.6816999912261963, 3.569700002670288, -3.7339999675750732, 1.5875999927520752, -1.1677000522613525, -0.07506900280714035, -1.4387999773025513, -2.138000011444092, 2.8241000175476074, -0.7287200093269348, 0.9911400079727173, 1.1477999687194824, 0.9953200221061707, 1.5859999656677246, -2.79259991645813, 3.364500045776367, 1.0497000217437744, 2.8210999965667725, -0.2289000004529953, 2.9370999336242676, -0.8905199766159058, 1.1138999462127686, -0.03490699827671051, 1.7460999488830566, 0.06602899730205536, -0.4470899999141693, 1.6470999717712402, -3.327899932861328, -0.7227799892425537, -0.7490599751472473, -0.06821700185537338, -0.7958999872207642, -1.4319000244140625, 0.9714900255203247, -1.6395000219345093, -1.3767000436782837, 0.5258200168609619, 2.989300012588501, -1.5911999940872192, 0.09541799873113632, 0.12134999781847, 1.479599952697754, 2.602099895477295, -2.3441998958587646, -0.8461999893188477, 2.9154000282287598, 3.689199924468994, -1.2139999866485596, -1.76010000705719, -2.0371999740600586, 0.8424000144004822, 0.9464200139045715, -0.2293500006198883, -1.3703999519348145, -1.5831999778747559, -0.9726600050926208, -0.9768199920654297, 0.9389500021934509, 0.866100013256073, -0.17845000326633453, 2.2100000381469727, 1.3602999448776245, 0.5877299904823303, -0.7116900086402893, 1.506500005722046, 2.8340001106262207, 2.5708999633789062, 1.1068999767303467, -0.9220399856567383, -0.961359977722168, -2.1558001041412354, -1.0914000272750854, 0.5614399909973145, -0.7234500050544739, -0.2892099916934967]}, {'text': 'no', 'pos': 'ADV', 'embedding': [-1.204300045967102, 8.778200149536133, -6.4274001121521, -5.189499855041504, -2.2992000579833984, -3.5678000450134277, -5.080100059509277, 3.9268999099731445, -7.169600009918213, 6.129199981689453, -1.7670999765396118, 10.281000137329102, 3.900399923324585, -6.801700115203857, 0.34793001413345337, -0.05097299814224243, 2.8297998905181885, -0.7396100163459778, 3.988800048828125, 0.783519983291626, 2.4479000568389893, 0.7080199718475342, 1.298200011253357, -9.443900108337402, 1.979200005531311, 0.634660005569458, 0.97639000415802, -5.700399875640869, 0.08206100016832352, 5.696000099182129, -0.010893000289797783, 4.492499828338623, -0.6917200088500977, -2.6073999404907227, -2.6926000118255615, 6.048299789428711, 1.5752999782562256, 4.191699981689453, 3.6835999488830566, 2.666800022125244, -1.4881999492645264, 11.512999534606934, 0.9676200151443481, 0.48980000615119934, 7.428400039672852, 0.10938999801874161, -3.90339994430542, -2.4093000888824463, -3.137500047683716, 0.8939599990844727, 3.283099889755249, -2.7741000652313232, -2.3798999786376953, -1.1913000345230103, -0.6202899813652039, 0.2651900053024292, 9.64490032196045, 0.5255900025367737, 2.6744000911712646, 5.810299873352051, -0.5505099892616272, -1.3502999544143677, -1.716599941253662, -1.9989999532699585, 6.116300106048584, 4.278299808502197, -3.02620005607605, -6.26039981842041, 1.270900011062622, -2.4296000003814697, -1.9120999574661255, -3.8306000232696533, 2.776700019836426, -4.403900146484375, -2.2035000324249268, 3.2483999729156494, 5.98799991607666, -0.1657399982213974, 0.5502099990844727, -3.9618000984191895, -5.327700138092041, -6.808499813079834, 1.2446999549865723, -2.348299980163574, -5.403500080108643, 1.4210000038146973, 0.945580005645752, -5.838600158691406, 7.117700099945068, -1.7827999591827393, -5.1493000984191895, -0.6324099898338318, -1.924299955368042, -1.8976999521255493, -10.399999618530273, 3.6882998943328857, 1.4742000102996826, -3.307499885559082, 1.2842999696731567, -1.9835000038146973, -1.2201000452041626, 0.34435999393463135, -3.5596001148223877, -0.05175599828362465, -0.562309980392456, -0.8779199719429016, -6.779099941253662, 1.617400050163269, -1.9219000339508057, 5.5243000984191895, -3.0529000759124756, 2.551300048828125, -5.716300010681152, -7.566999912261963, 7.197999954223633, -0.25648000836372375, 2.476799964904785, 0.41547998785972595, -7.389400005340576, 3.113300085067749, -0.3787899911403656, -6.321800231933594, -3.5906999111175537, -1.8795000314712524, 1.1641000509262085, 5.525700092315674, 4.3821001052856445, 7.90369987487793, -0.9259999990463257, 6.598299980163574, -2.8287999629974365, 6.3379998207092285, -0.1488099992275238, 5.699999809265137, -8.171199798583984, 4.193699836730957, -2.8060998916625977, 7.562900066375732, -0.9102200269699097, -1.711400032043457, -7.8302998542785645, 0.9828000068664551, -6.39139986038208, 1.99590003490448, 4.787099838256836, 4.001999855041504, -3.347599983215332, -7.069799900054932, -4.983500003814697, 3.6744000911712646, -8.052800178527832, -0.17213000357151031, 8.064200401306152, -3.3189001083374023, 1.6644999980926514, 2.7177999019622803, -3.0952999591827393, -4.231800079345703, 2.4653000831604004, -2.9774999618530273, 2.748199939727783, 2.2818000316619873, -2.641200065612793, 7.7769999504089355, 4.336299896240234, -0.6560099720954895, -2.2609000205993652, -2.1247000694274902, -0.5267800092697144, 5.075799942016602, -0.6202600002288818, -3.4530999660491943, 6.067299842834473, -10.065999984741211, 7.004899978637695, -2.059499979019165, 2.0736000537872314, 5.452300071716309, 3.0655999183654785, 3.3254001140594482, 3.014699935913086, 4.173600196838379, -6.140699863433838, -6.1905999183654785, -4.962800025939941, 3.516700029373169, -4.215400218963623, -1.2592999935150146, -0.8723999857902527, -5.903200149536133, 12.468000411987305, 3.515399932861328, 3.9883999824523926, -7.214799880981445, -6.348999977111816, -12.246000289916992, 2.634500026702881, 2.32669997215271, 2.9528000354766846, 4.242700099945068, -3.0871999263763428, -3.1057000160217285, -1.313099980354309, 10.194999694824219, -1.2733999490737915, -5.260900020599365, 4.719799995422363, 3.6252999305725098, -1.1633000373840332, 9.527600288391113, -8.976799964904785, 0.3133400082588196, -0.13276000320911407, -3.940500020980835, -0.25644999742507935, 6.731299877166748, 1.7249000072479248, -1.948699951171875, 5.63129997253418, 2.647599935531616, -6.731500148773193, -1.169800043106079, 0.5241699814796448, 3.4210000038146973, -0.6464800238609314, -5.347799777984619, 0.6116700172424316, 3.3675999641418457, -4.337500095367432, -4.28410005569458, -4.565199851989746, -4.554100036621094, -4.709099769592285, 15.144000053405762, 3.6147000789642334, 4.179100036621094, 0.31714001297950745, 1.7740999460220337, -1.0331000089645386, -6.720900058746338, -1.8895000219345093, 6.8520002365112305, 1.6238000392913818, 0.7734900116920471, -5.364099979400635, -7.056700229644775, 7.144599914550781, -0.12887999415397644, 5.333099842071533, 1.1633000373840332, -5.243299961090088, 4.593900203704834, -0.5813999772071838, -0.9579200148582458, 3.3422000408172607, 5.25600004196167, -9.183099746704102, 0.837090015411377, 0.014818999916315079, -3.805299997329712, -0.7900699973106384, -2.4033000469207764, -5.817800045013428, -1.1347999572753906, 1.1201000213623047, -2.884700059890747, 3.1672000885009766, 1.2269999980926514, -2.899199962615967, -1.7372000217437744, 4.8850998878479, -0.5761399865150452, -0.7217699885368347, -1.0729000568389893, -1.149899959564209, 9.045599937438965, 1.2233999967575073, 2.0448999404907227, 3.4976999759674072, -3.650599956512451, 4.030099868774414, -2.208400011062622, -0.7780799865722656, -5.66379976272583, 3.9282000064849854, -3.4672000408172607, 1.048799991607666, -9.567500114440918, -8.803199768066406, -1.253499984741211, 9.666999816894531, 5.261499881744385, 6.211100101470947, 2.757200002670288, -3.372299909591675, -2.616300106048584, 2.76990008354187, -0.580839991569519, -0.9345899820327759, -4.07420015335083]}, {'text': 'me', 'pos': 'PRON', 'embedding': [0.9126099944114685, -2.585900068283081, -6.312399864196777, 6.501999855041504, -6.3059000968933105, -4.064499855041504, -0.7311999797821045, -3.611799955368042, 4.914599895477295, 8.895700454711914, 1.4854999780654907, -4.50570011138916, 0.3760499954223633, -5.577499866485596, 1.2580000162124634, -1.9922000169754028, 6.492000102996826, 1.1611000299453735, 4.491099834442139, -7.3592000007629395, 5.641499996185303, 3.574899911880493, 3.3341000080108643, -7.393799781799316, 4.264599800109863, 3.0107998847961426, -2.3071000576019287, -7.248600006103516, -2.0552000999450684, 12.729999542236328, -14.880999565124512, -0.45048001408576965, 2.3394999504089355, -3.7690999507904053, 6.791900157928467, 9.090700149536133, -1.9634000062942505, -3.047100067138672, 4.988399982452393, -1.539199948310852, 1.6486999988555908, 0.3487499952316284, 16.850000381469727, 12.494999885559082, 15.677000045776367, -4.963699817657471, 5.165800094604492, 13.204000473022461, 7.610300064086914, -2.291800022125244, -6.513500213623047, -5.305799961090088, -4.219299793243408, -3.893899917602539, -2.4231998920440674, -8.605500221252441, 7.083199977874756, 0.9962999820709229, 7.700300216674805, 3.666599988937378, 9.45460033416748, 0.9714199900627136, 0.21410000324249268, 8.59749984741211, 7.565000057220459, -4.740200042724609, -2.6470000743865967, -4.71560001373291, 6.161900043487549, 4.0447001457214355, -14.026000022888184, -1.6065000295639038, -4.57919979095459, -1.364799976348877, -4.751500129699707, 4.6905999183654785, -0.3533399999141693, -8.108400344848633, -2.496999979019165, -10.701000213623047, -4.673900127410889, 1.1419999599456787, 2.265199899673462, -9.291999816894531, -14.477999687194824, 1.9398000240325928, 1.9443000555038452, 3.180000066757202, 7.129700183868408, 2.3703999519348145, -3.4367001056671143, 2.690000057220459, 1.652999997138977, -0.6100000143051147, -9.561300277709961, 6.2754998207092285, -5.599699974060059, -3.3296000957489014, 6.939300060272217, 5.502299785614014, -8.092399597167969, 1.9710999727249146, -5.281099796295166, 1.819599986076355, 2.247299909591675, 6.920100212097168, -2.7381999492645264, 1.9840999841690063, -11.711999893188477, 6.399899959564209, -3.36929988861084, 6.327499866485596, -6.867800235748291, -0.508870005607605, -1.6198999881744385, -3.4384000301361084, 5.587200164794922, -3.213599920272827, -3.0114998817443848, 3.498800039291382, -1.9717999696731567, 5.2017998695373535, -1.6468000411987305, 6.129700183868408, -2.5511999130249023, 18.263999938964844, -8.075699806213379, 1.3976000547409058, 0.31584998965263367, -6.615699768066406, 4.543099880218506, 8.412699699401855, 3.705699920654297, 5.8379998207092285, -11.89900016784668, 13.822999954223633, -9.141200065612793, 4.077199935913086, -5.014400005340576, -1.4896999597549438, -7.925300121307373, -16.947999954223633, -8.348099708557129, 11.190999984741211, 1.284600019454956, 2.2421998977661133, -4.005499839782715, 14.592000007629395, -5.473100185394287, 12.664999961853027, -2.6310999393463135, 12.949000358581543, 7.679100036621094, -10.220999717712402, 0.40046998858451843, -1.872499942779541, 1.519700050354004, -3.483799934387207, -0.9377999901771545, -8.197600364685059, -8.64490032196045, 12.071000099182129, -5.811399936676025, 5.388199806213379, -5.896900177001953, 2.2035000324249268, -0.2190600037574768, -9.364399909973145, -3.3968000411987305, -4.439799785614014, -5.688700199127197, 7.3420000076293945, -3.2153000831604004, -7.533199787139893, 2.565999984741211, 4.853499889373779, 9.684000015258789, -0.9576399922370911, -3.71589994430542, 4.956699848175049, 3.413800001144409, 4.190199851989746, -11.918000221252441, -4.783899784088135, 7.031300067901611, 4.761600017547607, -4.545300006866455, -10.362000465393066, 2.9381000995635986, -0.6556000113487244, 6.05810022354126, -3.3810999393463135, -0.7106000185012817, -8.935199737548828, -7.500199794769287, -0.9225999712944031, -3.171799898147583, 3.4944000244140625, 2.454900026321411, -6.605800151824951, 0.3498699963092804, 3.6614999771118164, -2.7328999042510986, 13.12600040435791, 0.4556500017642975, 0.3977699875831604, 2.648200035095215, -7.909200191497803, -0.14856000244617462, 6.845699787139893, -1.3499000072479248, -1.711300015449524, 7.882400035858154, -8.337900161743164, 15.343999862670898, -1.0078999996185303, -3.985100030899048, 1.9622999429702759, 3.74429988861084, 1.7026000022888184, 6.219799995422363, -1.8992999792099, -10.255999565124512, 4.0528998374938965, -1.642899990081787, 4.343500137329102, 1.6756000518798828, -8.659899711608887, 3.7753000259399414, -5.132400035858154, -5.586599826812744, -11.267000198364258, -6.130799770355225, 6.959700107574463, 2.7843000888824463, 8.724300384521484, -3.9691998958587646, 0.7656999826431274, -9.806599617004395, -8.480400085449219, -3.129499912261963, 3.716399908065796, 7.076700210571289, 1.0505000352859497, 4.920000076293945, -4.259300231933594, 4.6296000480651855, -2.5766000747680664, 7.059899806976318, -4.466400146484375, -7.485599994659424, -9.648799896240234, 0.38339000940322876, -6.380099773406982, -0.4853900074958801, -7.372900009155273, -0.8714500069618225, 1.6002999544143677, -11.024999618530273, -5.896699905395508, 4.466100215911865, 6.295400142669678, 6.048399925231934, -1.4765000343322754, -6.899499893188477, 5.535999774932861, -3.311500072479248, 1.559999942779541, -0.21142999827861786, -8.92039966583252, 0.43970000743865967, 8.234999656677246, -10.288999557495117, 3.9303998947143555, 1.7107000350952148, 9.991600036621094, 4.880300045013428, -8.261099815368652, -0.3637300133705139, -5.596199989318848, -3.0824999809265137, -0.9589899778366089, -0.449970006942749, 3.404900074005127, -2.558300018310547, -10.220999717712402, 2.316499948501587, -8.310799598693848, -8.965100288391113, -4.729499816894531, 5.889200210571289, 9.359199523925781, 11.47599983215332, 0.6157199740409851, -8.316200256347656, 8.239500045776367, 4.052199840545654, -5.855400085449219, -6.55810022354126, 1.9179999828338623]}, {'text': 'vaya', 'pos': 'VERB', 'embedding': [-2.3303000926971436, 0.059741001576185226, 0.025985000655055046, -1.1243000030517578, -4.798099994659424, -3.1196999549865723, 2.239000082015991, 1.7109999656677246, 0.7719500064849854, 2.761699914932251, -1.9333000183105469, -0.8650199770927429, 4.771900177001953, 0.23814000189304352, 1.2793999910354614, 0.28766998648643494, 1.492400050163269, 4.457200050354004, 1.1656999588012695, -1.0398000478744507, -0.14283999800682068, -0.3368000090122223, 0.061358001083135605, -0.15591000020503998, 2.600399971008301, 0.9119399785995483, 0.40285998582839966, -1.7627999782562256, -0.07080700248479843, 3.1695001125335693, -1.7058000564575195, 1.6497000455856323, 1.6102999448776245, 1.544600009918213, -1.7508000135421753, 3.450500011444092, 4.946400165557861, 0.3215300142765045, -0.34439000487327576, 0.4347800016403198, 0.9269000291824341, 0.45844998955726624, 3.327199935913086, 1.9485000371932983, -1.2102999687194824, -1.1712000370025635, -1.6711000204086304, -2.083899974822998, 2.3715999126434326, 2.3903000354766846, -0.5095800161361694, 0.5010200142860413, 2.8352999687194824, -1.1613999605178833, -2.4781999588012695, 2.4214000701904297, 0.6944599747657776, -2.2334001064300537, 3.232300043106079, 0.2344300001859665, -0.4933199882507324, -1.4321999549865723, -1.0403000116348267, 2.061199903488159, -0.3631899952888489, 1.1353000402450562, 1.32260000705719, 0.5074700117111206, -0.39770999550819397, -0.319350004196167, -0.507830023765564, 1.0096999406814575, -0.06870300322771072, 1.50409996509552, 1.5724999904632568, 0.23409999907016754, -0.9233400225639343, -0.9751499891281128, 2.5817999839782715, 2.234999895095825, 1.1588000059127808, 0.19423000514507294, 3.0248000621795654, 1.2479000091552734, -1.464400053024292, -0.9211999773979187, 2.7193000316619873, 2.9007999897003174, -1.743499994277954, -2.8879001140594482, 0.07377699762582779, 5.359899997711182, 1.7714999914169312, 1.1791000366210938, -2.1210999488830566, -1.521399974822998, -1.3736000061035156, -2.0969998836517334, 4.526000022888184, 3.806999921798706, -1.0514999628067017, 2.5931999683380127, -3.196899890899658, -0.005714300088584423, 2.1324000358581543, 4.45389986038208, 0.7185900211334229, 0.715470016002655, -0.747409999370575, -0.5676000118255615, 1.1109000444412231, 1.957800030708313, -1.4112999439239502, -2.3819000720977783, 0.29923999309539795, 2.9709999561309814, 0.5532199740409851, 0.1934400051832199, -3.1333000659942627, -0.16829000413417816, 0.20521999895572662, 3.373199939727783, 0.018773000687360764, -3.6503000259399414, 1.5831999778747559, 0.8552299737930298, 1.4472999572753906, -0.9767900109291077, -1.5911999940872192, 1.5149999856948853, -0.03408399969339371, 1.8250999450683594, 0.5932700037956238, 2.74399995803833, 2.0267999172210693, 1.67330002784729, -0.44861000776290894, 6.171000003814697, -0.8423900008201599, 1.5671000480651855, 2.9293999671936035, 0.9753999710083008, -2.6631999015808105, 0.3478600084781647, 1.9805999994277954, 1.312399983406067, -4.795199871063232, 1.545199990272522, 0.8584700226783752, 0.5267400145530701, 1.5989999771118164, 1.7098000049591064, 3.996999979019165, 0.7816900014877319, -0.14850999414920807, 0.6080800294876099, -1.4782999753952026, -1.8011000156402588, -0.8353099822998047, 1.19350004196167, 3.158400058746338, 1.7964999675750732, 0.8951500058174133, 1.6023999452590942, 0.8137900233268738, -2.3034000396728516, 1.107100009918213, -0.7903900146484375, 0.01130099967122078, -1.0951999425888062, 4.600900173187256, 2.401599884033203, -2.5966999530792236, -4.923500061035156, 4.461999893188477, -1.0684000253677368, -0.23135000467300415, 1.9076000452041626, 0.14242999255657196, 1.0271999835968018, -2.305999994277954, 0.08841600269079208, 0.07459399849176407, -1.5504000186920166, -1.530500054359436, 1.076200008392334, -2.797300100326538, 1.56659996509552, 0.2135400027036667, -0.4810500144958496, 2.106100082397461, 1.462499976158142, -1.3595999479293823, -0.027747999876737595, -0.6551300287246704, -0.7064899802207947, 0.032965000718832016, -1.4916000366210938, -0.29117000102996826, -0.09493400156497955, 0.3366299867630005, 2.3917999267578125, 0.07736100256443024, 1.833299994468689, -1.649999976158142, 0.8184800148010254, 1.4194999933242798, 0.06257600337266922, 1.9316999912261963, -0.9566699862480164, -2.264699935913086, 0.8916599750518799, -0.05589300021529198, -3.8164000511169434, 1.3960000276565552, -1.600100040435791, 4.941299915313721, 0.33992999792099, -1.3384000062942505, 0.977370023727417, 1.9119000434875488, 2.5703001022338867, 0.15857000648975372, 2.4581000804901123, 1.9984999895095825, -1.215999960899353, 3.711400032043457, -3.5018999576568604, 2.1960999965667725, -3.3104000091552734, 3.1278998851776123, -0.5286800265312195, -3.3248000144958496, 3.46589994430542, -3.0453999042510986, -0.5089200139045715, 1.2769999504089355, -1.1871000528335571, 3.727400064468384, -2.109999895095825, 0.6764299869537354, 2.267199993133545, 1.3736000061035156, -2.5322999954223633, -3.0689001083374023, -0.6431499719619751, 2.1717000007629395, -0.9624000191688538, 1.0460000038146973, 2.7499001026153564, -1.6576000452041626, 0.05016399919986725, 1.134600043296814, -1.9356000423431396, 0.8415200114250183, 1.1598000526428223, -1.3880000114440918, 1.4248000383377075, 0.9012699723243713, 0.9903299808502197, -1.4848999977111816, 2.0924999713897705, -0.5931900143623352, -1.1269999742507935, 2.3376998901367188, -0.13200999796390533, -0.22032999992370605, -2.795599937438965, -2.110300064086914, -1.9905999898910522, 2.013700008392334, 3.922300100326538, -3.638200044631958, -2.425299882888794, 0.1960200071334839, 0.5927500128746033, 2.4574999809265137, -0.3520599901676178, -1.982699990272522, 0.6039400100708008, 0.20911000669002533, -0.9789400100708008, -1.1998000144958496, -0.8613399863243103, 1.8075000047683716, 1.5671000480651855, -3.848299980163574, 0.5588300228118896, 1.1783000230789185, -1.1761000156402588, 2.433000087738037, -2.8036999702453613, 0.539650022983551, 0.7276899814605713, -0.1498199999332428, -2.2572999000549316, -2.973400115966797, 1.6583000421524048, -0.18479999899864197, 0.0029913000762462616]}, {'text': 'mal', 'pos': 'ADV', 'embedding': [1.6734000444412231, 6.811699867248535, -2.164900064468384, -1.0621000528335571, 2.447999954223633, -1.399899959564209, -1.492300033569336, -3.13100004196167, -5.177299976348877, 9.042499542236328, -1.2094000577926636, 3.272200107574463, 0.7312300205230713, -0.8930299878120422, -5.516200065612793, 2.8206000328063965, 0.7726899981498718, 4.633600234985352, -1.5393999814987183, -1.329200029373169, 3.2520999908447266, 0.2551000118255615, -0.44495999813079834, -2.626199960708618, 3.0416998863220215, 3.197700023651123, -0.9963399767875671, -3.2964000701904297, -2.8125, 5.852799892425537, -3.1089000701904297, 5.907400131225586, -0.1031700000166893, 2.867799997329712, 0.3522000014781952, 4.051499843597412, -0.9243299961090088, 8.03380012512207, -2.1868999004364014, -1.2920000553131104, 2.255000114440918, 4.17140007019043, 1.9381999969482422, -1.961899995803833, -3.2497000694274902, 1.8681999444961548, -0.0234179999679327, -5.128699779510498, -3.515700101852417, -1.0061999559402466, -0.4174500107765198, 2.8189001083374023, -0.43709999322891235, -2.3531999588012695, 0.2846300005912781, 4.308700084686279, 4.162899971008301, -4.057000160217285, 1.6304999589920044, 9.650400161743164, -1.743899941444397, -1.0049999952316284, -2.4865000247955322, -0.5920600295066833, -1.930400013923645, -0.7094900012016296, -0.18685999512672424, -1.7625000476837158, 0.7528700232505798, 0.4650000035762787, -3.864300012588501, 0.9986000061035156, -3.3201000690460205, -2.210900068283081, 0.41576001048088074, 0.11847999691963196, 1.7065999507904053, 3.410599946975708, -0.1114099994301796, -2.6435999870300293, -1.1476999521255493, -4.611000061035156, -3.082900047302246, 0.8468300104141235, -7.997200012207031, 4.446400165557861, 0.21734000742435455, 1.3945000171661377, -0.2753300070762634, -1.4606000185012817, -0.18869000673294067, 2.3733999729156494, -3.238300085067749, 0.9291700124740601, -4.519100189208984, -1.11489999294281, -1.0750999450683594, -2.5322999954223633, -2.6865999698638916, 0.5648300051689148, -0.21748000383377075, -0.516480028629303, -0.004837200045585632, 0.5826699733734131, -2.7929999828338623, -0.1876399964094162, 2.7314999103546143, 2.7074999809265137, -2.749000072479248, 2.115499973297119, -0.2590999901294708, 0.8693900108337402, -5.066400051116943, -1.9104000329971313, 2.933500051498413, 3.346400022506714, 1.871500015258789, -0.9818999767303467, -0.9334700107574463, 1.2502000331878662, -3.786400079727173, -4.908299922943115, -2.0476999282836914, -1.624899983406067, 1.7034000158309937, 5.690100193023682, 0.4989500045776367, 1.9644999504089355, 0.3058600127696991, 0.2721500098705292, -1.7711000442504883, 1.8313000202178955, -3.620300054550171, -0.4126800000667572, -2.5411999225616455, 5.184800148010254, -5.819399833679199, 3.2288999557495117, -2.6475000381469727, 0.27790001034736633, 0.31707999110221863, -5.238800048828125, -6.969200134277344, 2.5510001182556152, 1.5815999507904053, 1.0791000127792358, -4.832200050354004, -1.8950999975204468, -2.7832999229431152, -1.4250999689102173, -5.432499885559082, -0.36164000630378723, 2.1113998889923096, -2.055999994277954, 5.624199867248535, 0.3260299861431122, -2.872499942779541, 1.6345000267028809, 2.085099935531616, -2.439500093460083, 3.505500078201294, 2.2855000495910645, 1.1694999933242798, 3.827199935913086, 2.492300033569336, -0.6810100078582764, -3.988100051879883, -0.025147000327706337, -2.305799961090088, 1.1848000288009644, 1.6306999921798706, 0.8166999816894531, 1.378000020980835, -3.571199893951416, 0.5656700134277344, -0.1327899992465973, 4.5254998207092285, -0.9927399754524231, 0.17445999383926392, 2.4105000495910645, 5.474599838256836, 2.035099983215332, -4.355999946594238, -0.6368899941444397, -2.413100004196167, 1.4293999671936035, -2.6459999084472656, -2.955899953842163, 2.535900115966797, -5.322000026702881, 2.380500078201294, 4.103300094604492, 1.5787999629974365, -0.33588001132011414, -3.933300018310547, -4.1894001960754395, -2.3721001148223877, 0.18240000307559967, 0.39719998836517334, -4.303400039672852, -0.5297200083732605, 0.3458400070667267, -2.5373001098632812, -0.2737100124359131, 0.8136199712753296, -4.7245001792907715, -0.19505000114440918, -1.6691999435424805, 0.7068899869918823, 6.8805999755859375, -3.840100049972534, 0.3334600031375885, -2.355799913406372, -3.4470999240875244, 1.4043999910354614, 1.8208999633789062, 2.7720000743865967, 0.36621999740600586, -1.354200005531311, 4.6230998039245605, -2.0367000102996826, 1.9589999914169312, -1.1180000305175781, 0.907800018787384, -2.1742000579833984, 1.4602999687194824, 2.875699996948242, 2.412600040435791, -3.968100070953369, -3.6324000358581543, 3.1215999126434326, -1.2403000593185425, -2.631700038909912, 7.818999767303467, -2.6647000312805176, 1.7407000064849854, -2.3468000888824463, 0.09609699994325638, -1.2489999532699585, 1.6978000402450562, 0.37123000621795654, 4.589000225067139, 1.072100043296814, 0.7013900279998779, 0.18366000056266785, 3.566699981689453, 1.4384000301361084, 2.0636000633239746, 1.0937000513076782, -1.8982000350952148, 1.688599944114685, 4.5177001953125, -2.0473999977111816, -4.579699993133545, 0.31665000319480896, -5.141900062561035, -2.0048000812530518, -3.723400115966797, -4.843400001525879, -0.8603100180625916, -2.6175999641418457, 2.665800094604492, 1.694100022315979, 0.9230999946594238, -3.6705000400543213, -1.5118999481201172, -0.36230000853538513, -3.595400094985962, -3.2904999256134033, -0.8575599789619446, 3.1073999404907227, -4.6031999588012695, 0.6650000214576721, 0.0013402999611571431, -6.517000198364258, 8.580699920654297, 3.133500099182129, -2.56469988822937, 0.6428300142288208, -5.070799827575684, -2.7662999629974365, 0.0031117999460548162, 3.635699987411499, -6.1092000007629395, 1.1216000318527222, -4.460400104522705, 3.079200029373169, -1.6277999877929688, -2.6333999633789062, -2.9702999591827393, 8.251199722290039, 0.7984700202941895, 0.43724000453948975, -0.9980599880218506, -4.609899997711182, -3.9475998878479004, 3.208400011062622, -2.6391000747680664, -2.5434000492095947, 0.684220016002655]}], 'ner': []}"
